Rank,NOC,Year
80,Albania,2028
57,Algeria,2028
56,Argentina,2028
65,Armenia,2028
41,Australasia,2028
8,Australia,2028
52,Austria,2028
39,Azerbaijan,2028
58,Bahamas,2028
47,Bahrain,2028
71,Barbados,2028
43,Belarus,2028
45,Belgium,2028
62,Bermuda,2028
63,Botswana,2028
22,Brazil,2028
39,British West Indies ,2028
40,Bulgaria,2028
86,Burkina Faso,2028
81,Burundi,2028
84,Cabo Verde,2028
74,Cameroon,2028
22,Canada,2028
63,Chile,2028
1,China,2028
38,Chinese Taipei,2028
59,Colombia,2028
22,Croatia,2028
17,Cuba,2028
75,Cyprus,2028
29,Czech Republic,2028
12,Czechoslovakia,2028
31,Denmark,2028
68,Dominican Republic,2028
46,Ecuador,2028
66,Egypt,2028
68,Estonia,2028
40,Ethiopia,2028
82,Fiji,2028
58,Finland,2028
10,France,2028
17,Georgia,2028
7,Germany,2028
11,Great Britain,2028
43,Greece,2028
98,Grenada,2028
57,Guatemala,2028
48,Hong Kong,2028
12,Hungary,2028
89,Iceland,2028
67,India,2028
54,Indonesia,2028
30,Iran,2028
48,Ireland,2028
51,Israel,2028
9,Italy,2028
84,Ivory Coast,2028
32,Jamaica,2028
7,Japan,2028
87,Jordan,2028
58,Kazakhstan,2028
22,Kenya,2028
75,Kosovo,2028
68,Kyrgyzstan,2028
60,Latvia,2028
72,Lithuania,2028
78,Malaysia,2028
63,Mexico,2028
85,Moldova,2028
75,Mongolia,2028
75,Morocco,2028
16,Netherlands,2028
20,New Zealand,2028
74,Nigeria,2028
53,North Korea,2028
32,Norway,2028
65,Pakistan,2028
70,Panama,2028
78,Peru,2028
57,Philippines,2028
22,Poland,2028
62,Portugal,2028
72,Puerto Rico,2028
68,Qatar,2028
84,Refugee Olympic Team,2028
5,ROC,2028
24,Romania,2028
55,Saint Lucia,2028
87,Saudi Arabia,2028
12,Serbia,2028
81,Singapore,2028
48,Slovakia,2028
48,South Africa,2028
1,South Korea,2028
19,Spain,2028
30,Sweden,2028
38,Switzerland,2028
101,Syria,2028
75,Tajikistan,2028
47,Thailand,2028
64,Tunisia,2028
46,Turkey,2028
54,Uganda,2028
35,Ukraine,2028
1,United States,2028
21,Uzbekistan,2028
65,Venezuela,2028
11,Yugoslavia,2028
89,Zambia,2028
